question_id,priority,section,question,evidence_route,primary_artifact,status,evidence_ref,closure_note
Q014,P0,Part 2: The customer (UK installers),Step by step: enquiry source → first contact → survey visit → quote → follow-up → decision. Who does each step?,installer_interview,research/installer_interviews.csv + data/export_audit.csv,OPEN,,
Q015,P0,Part 2: The customer (UK installers),"Typical numbers per firm per month: enquiries, surveys, quotes sent, jobs won. Close rate from quote to sale (hypothesis: 20-35%). Average job value (hypothesis: £3k-£15k).",mixed_empirical,learning/evidence_ledger.csv,OPEN,,
Q016,P0,Part 2: The customer (UK installers),"How long does a homeowner take to decide? How long does an old quote stay ""alive""? Is a 2-year-old quote worth chasing? A 5-year-old one?",mixed_empirical,learning/evidence_ledger.csv,OPEN,,
Q017,P0,Part 2: The customer (UK installers),"Why do quotes die? Price, timing, bought elsewhere, never followed up, partner said no, finance refused, project postponed. Rough split?",mixed_empirical,learning/evidence_ledger.csv,OPEN,,
Q018,P1,Part 2: The customer (UK installers),How many follow-ups does a typical installer do after sending a quote? (Hypothesis: 0-2.),installer_interview,research/installer_interviews.csv + data/export_audit.csv,OPEN,,
Q019,P1,Part 2: The customer (UK installers),"Do they sell on the first visit (""sit and close"") or send quotes and wait? The big nationals do the first; independents mostly the second. Affects the size of the backlog.",installer_interview,research/installer_interviews.csv + data/export_audit.csv,OPEN,,
Q021,P0,Part 2: The customer (UK installers),"Where are old quotes stored: paper, Excel/Google Sheets, email inbox, quoting software, CRM?",installer_interview,research/installer_interviews.csv + data/export_audit.csv,OPEN,,
Q023,P0,Part 2: The customer (UK installers),"What fields do they have per quote: name, phone, email, address, date, products, price, status, notes? Often phone but no email?",installer_interview,research/installer_interviews.csv + data/export_audit.csv,OPEN,,
Q025,P1,Part 2: The customer (UK installers),"How many old quotes does a typical firm have (hypothesis: 500-5,000)?",installer_interview,research/installer_interviews.csv + data/export_audit.csv,OPEN,,
Q026,P0,Part 2: The customer (UK installers),"What they currently spend on getting work: lead sites, ads, canvassing, showrooms, trade shows. Monthly budget.",installer_interview,research/installer_interviews.csv + data/export_audit.csv,OPEN,,
Q027,P0,Part 2: The customer (UK installers),"What a booked survey is worth to them (job value × close rate × margin), so we know what we can charge.",installer_interview,research/installer_interviews.csv + data/export_audit.csv,OPEN,,
Q028,P0,Part 2: The customer (UK installers),"Top objections and past burns: ""tried agencies"", ""leads were rubbish"", ""my data's a mess"", ""I don't want to annoy old customers"", ""GDPR"", ""I'm too busy"", ""sounds too good"".",installer_interview,research/installer_interviews.csv + data/export_audit.csv,OPEN,,
Q029,P1,Part 2: The customer (UK installers),"Buying triggers: quiet month, lost a salesperson, new showroom, cash flow, seasonal dip.",installer_interview,research/installer_interviews.csv + data/export_audit.csv,OPEN,,
Q030,P1,Part 2: The customer (UK installers),"Who decides and who influences: owner, co-owner/spouse, office manager, sales manager. How to reach the owner.",installer_interview,research/installer_interviews.csv + data/export_audit.csv,OPEN,,
Q033,P0,Part 2: The customer (UK installers),Which months are busy (spring/summer?) vs quiet (winter?). When are they most open to buying a service? When do homeowners buy windows?,installer_interview,research/installer_interviews.csv + data/export_audit.csv,OPEN,,
Q034,P1,Part 2: The customer (UK installers),"Does reactivation work better at certain times (January ""new year projects"", before winter, energy bill spikes)?",installer_interview,research/installer_interviews.csv + data/export_audit.csv,OPEN,,
Q042,P0,Part 3: The offer,"Price per result that is a no-brainer for them and profitable for us: model it from job value, close rate and our delivery cost.",sales_plus_pilot,prospecting/prospect_master.csv + economics/unit_economics.csv,OPEN,,
Q050,P1,Part 3: The offer,Does a free pilot attract the wrong clients or delay revenue? What converts pilots into paid?,sales_plus_pilot,prospecting/prospect_master.csv + economics/unit_economics.csv,OPEN,,
Q051,P0,Part 4: Getting clients (outbound),"What works on UK trade owners: length, tone (casual/direct), plain text vs formatting, spelling (British English), no jargon (""database reactivation"" means nothing to them).",mixed_empirical,learning/evidence_ledger.csv,OPEN,,
Q052,P0,Part 4: Getting clients (outbound),"Subject lines that get opened by a busy owner, including lowercase/short/company-name styles.",outbound_experiment,prospecting/prospect_master.csv,OPEN,,
Q053,P0,Part 4: Getting clients (outbound),"First lines: which personalisation is real and valuable vs creepy/fake? What true data we have: years trading, town, FENSA/Certass, services on their site, reviews.",outbound_experiment,prospecting/prospect_master.csv,OPEN,,
Q054,P0,Part 4: Getting clients (outbound),"The call to action: ask for a call, ask a question, offer a free audit, ask for permission to send info. Which gets more positive replies?",outbound_experiment,prospecting/prospect_master.csv,OPEN,,
Q055,P0,Part 4: Getting clients (outbound),"Proof without case studies: how to be credible with zero clients (honest framing, the mechanism, a pilot offer).",outbound_experiment,prospecting/prospect_master.csv,OPEN,,
Q056,P0,Part 4: Getting clients (outbound),"Follow-ups: how many (3? 5?), gaps between them, what each one adds (new angle, maths, social proof, break-up).",outbound_experiment,prospecting/prospect_master.csv,OPEN,,
Q057,P1,Part 4: Getting clients (outbound),"Replying: templates for ""how much?"", ""send info"", ""not interested"", ""who are you?"", ""how did you get my email?"", ""remove me"", out-of-office.",outbound_experiment,prospecting/prospect_master.csv,OPEN,,
Q058,P1,Part 4: Getting clients (outbound),Personalisation at scale: when AI-written first lines help and when they hurt.,outbound_experiment,prospecting/prospect_master.csv,OPEN,,
Q062,P0,Part 4: Getting clients (outbound),Safe volume per inbox per day (hypothesis: 30-50) and ramp schedule.,outbound_experiment,prospecting/prospect_master.csv,OPEN,,
Q064,P0,Part 4: Getting clients (outbound),Bounce handling: verify emails before sending? which verifier? What bounce rate is dangerous (hypothesis: >2%)?,outbound_experiment,prospecting/prospect_master.csv,OPEN,,
Q068,P0,Part 4: Getting clients (outbound),Decision-maker first names: Companies House officers (directors) as a proxy for the owner; accuracy for small firms.,outbound_experiment,prospecting/prospect_master.csv,OPEN,,
Q069,P0,Part 4: Getting clients (outbound),Email accuracy: generic inbox vs named; how often info@ reaches the owner in a small firm.,outbound_experiment,prospecting/prospect_master.csv,OPEN,,
Q079,P0,Part 4: Getting clients (outbound),"What are realistic numbers per 1,000 emails sent: delivered, replies, positive replies, calls booked, clients won?",outbound_experiment,prospecting/prospect_master.csv,OPEN,,
Q080,P0,Part 4: Getting clients (outbound),"How many leads do we need to hit 1, 5, 20 clients? We have 1,918 ranked + more if other niches.",outbound_experiment,prospecting/prospect_master.csv,OPEN,,
Q082,P1,"Part 5: Trust, inbound and partnerships","What proof convinces installers most: £ recovered, surveys booked, a named local firm, a video testimonial?",client_sales_learning,research/installer_interviews.csv + prospecting/prospect_master.csv,OPEN,,
Q086,P1,"Part 5: Trust, inbound and partnerships",Client-to-client referrals: incentive that works.,client_sales_learning,research/installer_interviews.csv + prospecting/prospect_master.csv,OPEN,,
Q102,P1,Part 7: Delivery: reactivation campaigns (C),Timing: day/time for homeowners; gaps between messages; how many touches before stopping.,pilot_and_reconciliation,pilot/outcome_reconciliation.csv + economics/unit_economics.csv + measurement/baseline_cohort.csv,OPEN,,
Q104,P0,Part 7: Delivery: reactivation campaigns (C),"Realistic reply and booking rates from old quotes, by quote age (hypothesis: 5-15% reply, 2-5% booked).",installer_interview,research/installer_interviews.csv + data/export_audit.csv,OPEN,,
Q105,P1,Part 7: Delivery: reactivation campaigns (C),How results decay with quote age and with repeated campaigns.,pilot_and_reconciliation,pilot/outcome_reconciliation.csv + economics/unit_economics.csv + measurement/baseline_cohort.csv,OPEN,,
Q123,P1,"Part 9: Results, attribution and billing (V + C)","Per-client economics: time spent, SMS/tool costs, margin.",pilot_and_reconciliation,pilot/outcome_reconciliation.csv + economics/unit_economics.csv + measurement/baseline_cohort.csv,OPEN,,
Q124,P1,Part 10: Retention and expansion (V + C),"Why clients leave in this model (list exhausted, results drop, they stop answering leads) and how to prevent each.",pilot_and_reconciliation,pilot/outcome_reconciliation.csv + economics/unit_economics.csv + measurement/baseline_cohort.csv,OPEN,,
Q125,P1,Part 10: Retention and expansion (V + C),Monthly value that justifies staying after month 1-2.,pilot_and_reconciliation,pilot/outcome_reconciliation.csv + economics/unit_economics.csv + measurement/baseline_cohort.csv,OPEN,,
Q145,P0,Part 12: Money,"Unit economics per client: price, delivery costs (GHL, SMS, tools, our time), gross margin.",pilot_and_reconciliation,pilot/outcome_reconciliation.csv + economics/unit_economics.csv + measurement/baseline_cohort.csv,OPEN,,
Q146,P0,Part 12: Money,Cash flow on performance deals: costs we carry before we get paid; how long.,pilot_and_reconciliation,pilot/outcome_reconciliation.csv + economics/unit_economics.csv + measurement/baseline_cohort.csv,OPEN,,
Q147,P1,Part 12: Money,"Cost to acquire a client (tools, domains, data, our time) and payback period.",pilot_and_reconciliation,pilot/outcome_reconciliation.csv + economics/unit_economics.csv + measurement/baseline_cohort.csv,OPEN,,
Q148,P1,Part 12: Money,Financial model: clients × price × retention → months to £30k and £100k.,pilot_and_reconciliation,pilot/outcome_reconciliation.csv + economics/unit_economics.csv + measurement/baseline_cohort.csv,OPEN,,
B001,P0,Measurement,"What lift did the campaign cause versus what would have happened anyway? Use a holdout/control group when sample size permits, not only post-contact attribution.",pilot_and_reconciliation,pilot/outcome_reconciliation.csv + economics/unit_economics.csv + measurement/baseline_cohort.csv,OPEN,,
B002,P0,Measurement,What is the client’s pre-campaign organic reopen/close rate for the same quote-age cohorts?,pilot_and_reconciliation,pilot/outcome_reconciliation.csv + economics/unit_economics.csv + measurement/baseline_cohort.csv,OPEN,,
B003,P0,Measurement,"Are booked/quoted/won results still valuable after cancellations, refunds, duplicate jobs and non-payment?",pilot_and_reconciliation,pilot/outcome_reconciliation.csv + economics/unit_economics.csv + measurement/baseline_cohort.csv,OPEN,,
B017,P0,Client fit,"Can the installer actually handle the recovered survey/install volume in the relevant geography and weeks, or will success create a fulfillment bottleneck?",pilot_and_reconciliation,pilot/outcome_reconciliation.csv + economics/unit_economics.csv + measurement/baseline_cohort.csv,OPEN,,
