check_id,category,check_name,status,severity,evidence
AF01,identity,company IDs stable/open duplicate rules,OPEN,critical,
AF02,identity,Companies House matching tested on sample,OPEN,high,
AF03,identity,domain normalization tested,OPEN,high,
AF04,discovery,source provenance captured,OPEN,critical,
AF05,qualification,ICP rule version frozen for cohort,OPEN,high,
AF06,qualification,manual spot-check sample completed,OPEN,high,
AF07,people,role-confidence rules defined,OPEN,medium,
AF08,contacts,contact provenance captured,OPEN,critical,
AF09,contacts,email verification adapter tested,OPEN,high,
AF10,contacts,accept-all/unknown policy defined,OPEN,high,
AF11,compliance,entity/subscriber classification implemented,OPEN,critical,
AF12,compliance,lawful-basis/transparency route documented,OPEN,critical,
AF13,compliance,opt-out mechanism operational,OPEN,critical,
AF14,compliance,global suppression table operational,OPEN,critical,
AF15,compliance,suppression recheck occurs immediately before send,OPEN,critical,
AF16,queue,idempotency keys enforced,OPEN,critical,
AF17,queue,active-conversation duplicate-send guard,OPEN,critical,
AF18,queue,campaign pause/kill switch tested,OPEN,critical,
AF19,sending,SPF DKIM DMARC reviewed for each sender domain,OPEN,critical,
AF20,sending,bounce/reputation monitoring available,OPEN,high,
AF21,replies,inbound reply ingestion tested,OPEN,critical,
AF22,replies,unsubscribe/object causes immediate suppression,OPEN,critical,
AF23,replies,manual review queue exists,OPEN,high,
AF24,experiments,cohort assignment frozen before sends,OPEN,high,
AF25,experiments,template/offer version recorded per send,OPEN,high,
AF26,analytics,company→conversation→export/pilot funnel joins work,OPEN,high,
AF27,security,provider API keys kept outside database/logs,OPEN,critical,
AF28,security,admin access least privilege/MFA,OPEN,critical,
AF29,ops,retry policies bounded and observable,OPEN,high,
AF30,ops,backup/export of canonical prospect evidence tested,OPEN,high,
