gate_id,group,requirement,waivable,status,evidence_ref,applicability_note,notes
G01,commercial,Decision-maker authority confirmed,NO,OPEN,,,
G02,commercial,Service area and eligible product categories defined,NO,OPEN,,,
G03,commercial,Client has survey capacity for pilot period,NO,OPEN,,,
G04,commercial,Client has installation/fulfilment capacity if pilot succeeds,NO,OPEN,,,
G05,commercial,Named reply/booking owner and response SLA agreed,NO,OPEN,,,
G06,commercial,Billable result definition agreed in writing,NO,OPEN,,,
G07,commercial,"Duplicate, no-show, cancellation and dispute rules agreed",NO,OPEN,,,
G08,commercial,"Payment method, invoice timing and payment term agreed",NO,OPEN,,,
G09,data_legality,Controller/processor roles documented,NO,OPEN,,,
G10,data_legality,Article 28 DPA in place where required,NO,OPEN,,,
G11,data_legality,Source/collection event/date/product/status sufficiently known,NO,OPEN,,,
G12,data_legality,Chosen PECR basis supported by collection evidence,NO,OPEN,,,
G13,data_legality,Existing opt-outs/objections/suppression imported before send,NO,OPEN,,,
G14,data_legality,Similar-product rule checked,NO,OPEN,,,
G15,data_legality,Won/current-customer/active-opportunity exclusions run,NO,OPEN,,,
G16,data_legality,Privacy-information route defined where relevant,NO,OPEN,,,
G17,security,Data-flow map lists every system/subprocessor,NO,OPEN,,,
G18,security,Subprocessor authorisation/status checked,NO,OPEN,,,
G19,security,International transfer path checked,NO,OPEN,,,
G20,security,MFA and least-privilege access configured,NO,OPEN,,,
G21,security,Secrets excluded from source code and logs,NO,OPEN,,,
G22,security,Encryption in transit and appropriate at-rest protection,NO,OPEN,,,
G23,security,Cross-client tenant isolation tested,NO,OPEN,,,
G24,security,Backup/restore path tested,NO,OPEN,,,
G25,security,Breach response + controller notification path documented,NO,OPEN,,,
G26,campaign_safety,Synthetic/redacted dry run completed,NO,OPEN,,,
G27,campaign_safety,Idempotency/duplicate-send protection tested,NO,OPEN,,,
G28,campaign_safety,Global suppression survives re-import,NO,OPEN,,,
G29,campaign_safety,Frequency cap/campaign lock prevents channel conflicts,NO,OPEN,,,
G30,campaign_safety,Emergency stop switch tested,NO,OPEN,,,
G31,campaign_safety,Complaint/negative escalation tested,NO,OPEN,,,
G32,campaign_safety,"Client approved copy, offers, discounts and claims",NO,OPEN,,,
G33,ai_safety,AI role/classification checked before autonomous homeowner interaction,YES,OPEN,,Required only if autonomous AI interaction used,
G34,ai_safety,AI authority limits enforced: no invented price/finance/date/guarantee,YES,OPEN,,Required only if AI touches replies,
G35,ai_safety,Prompt-injection/adversarial tests passed,YES,OPEN,,Required only if AI touches replies,
G36,ai_safety,AI cannot retrieve another tenant/contact data,YES,OPEN,,Required only if AI touches replies,
G37,ai_safety,Human escalation intents + low-confidence threshold defined,YES,OPEN,,Required only if AI touches replies,
G38,ai_safety,Conversation QA/logging + retention defined,YES,OPEN,,Required only if AI touches replies,
G39,measurement,Primary outcome frozen before launch,NO,OPEN,,,
G40,measurement,Baseline cohort/period captured,NO,OPEN,,,
G41,measurement,Holdout/control defined when feasible,NO,OPEN,,,
G42,measurement,Attribution rules for duplicates/organic/other channels frozen,NO,OPEN,,,
G43,measurement,Downstream tracking through sale/refund/payment available,NO,OPEN,,,
G44,measurement,Manual-time tracking enabled,NO,OPEN,,,
G45,measurement,No mid-test metric switching rule accepted,NO,OPEN,,,
G46,operations,Calendar/booking route tested end-to-end,NO,OPEN,,,
G47,operations,Replies cannot be silently lost,NO,OPEN,,,
G48,operations,Client can honour any promised timing/offer,NO,OPEN,,,
G49,operations,Contact IDs stable across import/send/reply/booking/reconciliation,NO,OPEN,,,
G50,operations,Data deletion/offboarding route documented,NO,OPEN,,,
