contact_id,quote_id,pilot_assignment,variant,quote_age_days,delivered,replied,positive_interest,qualified,booked,booking_at,attended,attendance_at,requote,requote_value_gbp,won,won_at,won_value_gbp,cancelled,refunded,cash_collected_gbp,cash_collected_at,duplicate_or_organic,billable_result,billing_disputed,lost_reason,manual_minutes_total,evidence_ref,notes
C0001,Q0001,HOLDOUT,B,120,False,False,False,False,False,,False,,False,0,False,,0,False,False,0,,False,False,False,bought_elsewhere,0,E0001,synthetic
C0002,Q0002,TREATMENT,B,250,False,False,False,False,False,,False,,False,0,False,,0,False,False,0,,False,False,False,bought_elsewhere,3,E0002,synthetic
C0003,Q0003,TREATMENT,A,500,True,False,False,False,False,,False,,False,0,False,,0,False,False,0,,False,False,False,price,2,E0003,synthetic
C0004,Q0004,TREATMENT,A,45,True,False,False,False,False,,False,,False,0,False,,0,False,False,0,,False,False,False,price,6,E0004,synthetic
C0005,Q0005,TREATMENT,A,45,True,True,False,False,False,,False,,False,0,False,,0,False,False,0,,False,False,False,bought_elsewhere,7,E0005,synthetic
C0006,Q0006,TREATMENT,A,900,True,False,False,False,False,,False,,False,0,False,,0,False,False,0,,False,False,False,price,8,E0006,synthetic
C0007,Q0007,TREATMENT,A,900,True,False,False,False,False,,False,,False,0,False,,0,False,False,0,,False,False,False,timing,8,E0007,synthetic
C0008,Q0008,HOLDOUT,B,900,False,False,False,False,False,,False,,False,0,False,,0,False,False,0,,False,False,False,bought_elsewhere,7,E0008,synthetic
C0009,Q0009,TREATMENT,A,45,True,False,False,False,False,,False,,False,0,False,,0,False,False,0,,False,False,False,timing,4,E0009,synthetic
C0010,Q0010,TREATMENT,B,250,True,False,False,False,False,,False,,False,0,False,,0,False,False,0,,False,False,False,,4,E0010,synthetic
C0011,Q0011,TREATMENT,A,45,True,False,False,False,False,,False,,False,0,False,,0,False,False,0,,False,False,False,bought_elsewhere,6,E0011,synthetic
C0012,Q0012,TREATMENT,A,500,True,True,False,False,False,,False,,False,0,False,,0,False,False,0,,False,False,False,timing,1,E0012,synthetic
C0013,Q0013,TREATMENT,A,250,True,False,False,False,False,,False,,False,0,False,,0,False,False,0,,False,False,False,,6,E0013,synthetic
C0014,Q0014,TREATMENT,A,900,True,False,False,False,False,,False,,False,0,False,,0,False,False,0,,False,False,False,bought_elsewhere,5,E0014,synthetic
C0015,Q0015,HOLDOUT,B,500,False,False,False,False,False,,False,,False,0,False,,0,False,False,0,,False,False,False,bought_elsewhere,7,E0015,synthetic
C0016,Q0016,TREATMENT,B,900,True,False,False,False,False,,False,,False,0,False,,0,False,False,0,,False,False,False,price,2,E0016,synthetic
C0017,Q0017,TREATMENT,A,250,True,False,False,False,False,,False,,False,0,False,,0,False,False,0,,False,False,False,price,2,E0017,synthetic
C0018,Q0018,TREATMENT,A,45,True,True,True,True,False,,False,,False,0,False,,0,False,False,0,,False,False,False,price,4,E0018,synthetic
C0019,Q0019,TREATMENT,B,500,True,False,False,False,False,,False,,False,0,False,,0,False,False,0,,False,False,False,price,4,E0019,synthetic
C0020,Q0020,TREATMENT,A,500,True,False,False,False,False,,False,,False,0,False,,0,False,False,0,,False,False,False,price,0,E0020,synthetic
C0021,Q0021,TREATMENT,B,120,True,False,False,False,False,,False,,False,0,False,,0,False,False,0,,False,False,False,price,8,E0021,synthetic
C0022,Q0022,HOLDOUT,A,45,False,False,False,False,False,,False,,False,0,False,,0,False,False,0,,False,False,False,timing,8,E0022,synthetic
C0023,Q0023,TREATMENT,A,120,True,False,False,False,False,,False,,False,0,False,,0,False,False,0,,False,False,False,bought_elsewhere,7,E0023,synthetic
C0024,Q0024,TREATMENT,B,45,False,False,False,False,False,,False,,False,0,False,,0,False,False,0,,False,False,False,bought_elsewhere,6,E0024,synthetic
C0025,Q0025,TREATMENT,A,900,True,False,False,False,False,,False,,False,0,False,,0,False,False,0,,False,False,False,price,5,E0025,synthetic
C0026,Q0026,TREATMENT,A,45,True,False,False,False,False,,False,,False,0,False,,0,False,False,0,,False,False,False,timing,0,E0026,synthetic
C0027,Q0027,TREATMENT,B,900,True,False,False,False,False,,False,,False,0,False,,0,False,False,0,,False,False,False,timing,6,E0027,synthetic
C0028,Q0028,TREATMENT,A,250,True,False,False,False,False,,False,,False,0,False,,0,False,False,0,,False,False,False,price,8,E0028,synthetic
C0029,Q0029,HOLDOUT,A,120,False,False,False,False,False,,False,,False,0,False,,0,False,False,0,,False,False,False,bought_elsewhere,3,E0029,synthetic
C0030,Q0030,TREATMENT,A,250,True,False,False,False,False,,False,,False,0,False,,0,False,False,0,,False,False,False,timing,1,E0030,synthetic
C0031,Q0031,TREATMENT,A,500,True,False,False,False,False,,False,,False,0,False,,0,False,False,0,,False,False,False,price,2,E0031,synthetic
C0032,Q0032,TREATMENT,B,500,True,False,False,False,False,,False,,False,0,False,,0,False,False,0,,False,False,False,timing,0,E0032,synthetic
C0033,Q0033,TREATMENT,A,250,True,False,False,False,False,,False,,False,0,False,,0,False,False,0,,False,False,False,,3,E0033,synthetic
C0034,Q0034,TREATMENT,B,120,True,False,False,False,False,,False,,False,0,False,,0,False,False,0,,False,False,False,bought_elsewhere,4,E0034,synthetic
C0035,Q0035,TREATMENT,B,120,True,False,False,False,False,,False,,False,0,False,,0,False,False,0,,False,False,False,bought_elsewhere,6,E0035,synthetic
C0036,Q0036,HOLDOUT,A,500,False,False,False,False,False,,False,,False,0,False,,0,False,False,0,,False,False,False,bought_elsewhere,0,E0036,synthetic
C0037,Q0037,TREATMENT,B,900,True,False,False,False,False,,False,,False,0,False,,0,False,False,0,,False,False,False,bought_elsewhere,0,E0037,synthetic
C0038,Q0038,TREATMENT,B,250,False,False,False,False,False,,False,,False,0,False,,0,False,False,0,,False,False,False,,5,E0038,synthetic
C0039,Q0039,TREATMENT,B,120,True,False,False,False,False,,False,,False,0,False,,0,False,False,0,,False,False,False,timing,7,E0039,synthetic
C0040,Q0040,TREATMENT,B,500,True,False,False,False,False,,False,,False,0,False,,0,False,False,0,,False,False,False,,6,E0040,synthetic
C0041,Q0041,TREATMENT,B,500,True,False,False,False,False,,False,,False,0,False,,0,False,False,0,,False,False,False,price,2,E0041,synthetic
C0042,Q0042,TREATMENT,B,500,True,False,False,False,False,,False,,False,0,False,,0,False,False,0,,False,False,False,bought_elsewhere,4,E0042,synthetic
C0043,Q0043,HOLDOUT,B,500,False,False,False,False,False,,False,,False,0,False,,0,False,False,0,,False,False,False,bought_elsewhere,6,E0043,synthetic
C0044,Q0044,TREATMENT,A,250,True,False,False,False,False,,False,,False,0,False,,0,False,False,0,,False,False,False,,4,E0044,synthetic
C0045,Q0045,TREATMENT,B,250,True,True,False,False,False,,False,,False,0,False,,0,False,False,0,,False,False,False,timing,4,E0045,synthetic
C0046,Q0046,TREATMENT,A,900,True,False,False,False,False,,False,,False,0,False,,0,False,False,0,,False,False,False,price,0,E0046,synthetic
C0047,Q0047,TREATMENT,A,120,True,False,False,False,False,,False,,False,0,False,,0,False,False,0,,False,False,False,price,3,E0047,synthetic
C0048,Q0048,TREATMENT,B,900,False,False,False,False,False,,False,,False,0,False,,0,False,False,0,,False,False,False,,1,E0048,synthetic
C0049,Q0049,TREATMENT,A,500,True,False,False,False,False,,False,,False,0,False,,0,False,False,0,,False,False,False,,8,E0049,synthetic
C0050,Q0050,HOLDOUT,B,500,False,False,False,False,True,,True,,True,0,False,,0,False,False,0,,False,True,False,price,6,E0050,synthetic
C0051,Q0051,TREATMENT,A,250,True,False,False,False,False,,False,,False,0,False,,0,False,False,0,,False,False,False,,2,E0051,synthetic
C0052,Q0052,TREATMENT,A,500,True,False,False,False,False,,False,,False,0,False,,0,False,False,0,,False,False,False,bought_elsewhere,5,E0052,synthetic
C0053,Q0053,TREATMENT,A,250,True,False,False,False,False,,False,,False,0,False,,0,False,False,0,,False,False,False,,3,E0053,synthetic
C0054,Q0054,TREATMENT,A,900,True,True,True,True,True,,True,,True,0,False,,0,False,False,0,,False,True,False,timing,7,E0054,synthetic
C0055,Q0055,TREATMENT,B,500,True,False,False,False,False,,False,,False,0,False,,0,False,False,0,,False,False,False,price,3,E0055,synthetic
C0056,Q0056,TREATMENT,B,45,True,False,False,False,False,,False,,False,0,False,,0,False,False,0,,False,False,False,price,2,E0056,synthetic
C0057,Q0057,HOLDOUT,B,900,False,False,False,False,False,,False,,False,0,False,,0,False,False,0,,False,False,False,timing,4,E0057,synthetic
C0058,Q0058,TREATMENT,B,500,True,False,False,False,False,,False,,False,0,False,,0,False,False,0,,False,False,False,price,6,E0058,synthetic
C0059,Q0059,TREATMENT,B,500,True,False,False,False,False,,False,,False,0,False,,0,False,False,0,,False,False,False,price,3,E0059,synthetic
C0060,Q0060,TREATMENT,B,45,True,False,False,False,False,,False,,False,0,False,,0,False,False,0,,False,False,False,timing,5,E0060,synthetic
C0061,Q0061,TREATMENT,A,900,True,False,False,False,False,,False,,False,0,False,,0,False,False,0,,False,False,False,bought_elsewhere,4,E0061,synthetic
C0062,Q0062,TREATMENT,A,45,True,False,False,False,False,,False,,False,0,False,,0,False,False,0,,False,False,False,bought_elsewhere,2,E0062,synthetic
C0063,Q0063,TREATMENT,B,500,True,False,False,False,False,,False,,False,0,False,,0,False,False,0,,False,False,False,price,4,E0063,synthetic
C0064,Q0064,HOLDOUT,B,900,False,False,False,False,False,,False,,False,0,False,,0,False,False,0,,False,False,False,bought_elsewhere,1,E0064,synthetic
C0065,Q0065,TREATMENT,A,250,True,False,False,False,False,,False,,False,0,False,,0,False,False,0,,False,False,False,price,5,E0065,synthetic
C0066,Q0066,TREATMENT,B,250,True,False,False,False,False,,False,,False,0,False,,0,False,False,0,,False,False,False,bought_elsewhere,0,E0066,synthetic
C0067,Q0067,TREATMENT,A,900,True,False,False,False,False,,False,,False,0,False,,0,False,False,0,,False,False,False,,4,E0067,synthetic
C0068,Q0068,TREATMENT,A,250,True,False,False,False,False,,False,,False,0,False,,0,False,False,0,,False,False,False,timing,7,E0068,synthetic
C0069,Q0069,TREATMENT,A,120,True,True,False,False,False,,False,,False,0,False,,0,False,False,0,,False,False,False,price,1,E0069,synthetic
C0070,Q0070,TREATMENT,B,250,True,False,False,False,False,,False,,False,0,False,,0,False,False,0,,False,False,False,bought_elsewhere,2,E0070,synthetic
C0071,Q0071,HOLDOUT,B,500,False,False,False,False,False,,False,,False,0,False,,0,False,False,0,,False,False,False,bought_elsewhere,6,E0071,synthetic
C0072,Q0072,TREATMENT,A,120,True,False,False,False,False,,False,,False,0,False,,0,False,False,0,,False,False,False,bought_elsewhere,8,E0072,synthetic
C0073,Q0073,TREATMENT,B,250,True,False,False,False,False,,False,,False,0,False,,0,False,False,0,,False,False,False,bought_elsewhere,4,E0073,synthetic
C0074,Q0074,TREATMENT,B,500,True,True,False,False,False,,False,,False,0,False,,0,False,False,0,,False,False,False,price,7,E0074,synthetic
C0075,Q0075,TREATMENT,B,900,True,False,False,False,False,,False,,False,0,False,,0,False,False,0,,False,False,False,price,2,E0075,synthetic
C0076,Q0076,TREATMENT,A,120,True,False,False,False,False,,False,,False,0,False,,0,False,False,0,,False,False,False,,7,E0076,synthetic
C0077,Q0077,TREATMENT,A,120,True,False,False,False,False,,False,,False,0,False,,0,False,False,0,,False,False,False,,8,E0077,synthetic
C0078,Q0078,HOLDOUT,B,250,False,False,False,False,False,,False,,False,0,False,,0,False,False,0,,False,False,False,,3,E0078,synthetic
C0079,Q0079,TREATMENT,B,900,True,False,False,False,False,,False,,False,0,False,,0,False,False,0,,False,False,False,price,3,E0079,synthetic
C0080,Q0080,TREATMENT,A,120,True,False,False,False,False,,False,,False,0,False,,0,False,False,0,,False,False,False,price,0,E0080,synthetic
C0081,Q0081,TREATMENT,A,500,True,False,False,False,False,,False,,False,0,False,,0,False,False,0,,False,False,False,timing,0,E0081,synthetic
C0082,Q0082,TREATMENT,B,900,True,True,True,True,True,,True,,False,0,False,,0,False,False,0,,False,True,False,bought_elsewhere,8,E0082,synthetic
C0083,Q0083,TREATMENT,B,120,True,False,False,False,False,,False,,False,0,False,,0,False,False,0,,False,False,False,,5,E0083,synthetic
C0084,Q0084,TREATMENT,B,250,True,False,False,False,False,,False,,False,0,False,,0,False,False,0,,False,False,False,timing,4,E0084,synthetic
C0085,Q0085,HOLDOUT,B,900,False,False,False,False,False,,False,,False,0,False,,0,False,False,0,,False,False,False,,0,E0085,synthetic
C0086,Q0086,TREATMENT,B,250,True,False,False,False,False,,False,,False,0,False,,0,False,False,0,,False,False,False,price,1,E0086,synthetic
C0087,Q0087,TREATMENT,A,120,True,False,False,False,False,,False,,False,0,False,,0,False,False,0,,False,False,False,,2,E0087,synthetic
C0088,Q0088,TREATMENT,A,120,True,False,False,False,False,,False,,False,0,False,,0,False,False,0,,False,False,False,price,3,E0088,synthetic
C0089,Q0089,TREATMENT,B,500,True,True,True,True,True,,True,,True,3500,True,,3500,False,False,3500,,False,True,False,bought_elsewhere,3,E0089,synthetic
C0090,Q0090,TREATMENT,B,250,True,True,False,False,False,,False,,False,0,False,,0,False,False,0,,False,False,False,,7,E0090,synthetic
C0091,Q0091,TREATMENT,A,900,True,False,False,False,False,,False,,False,0,False,,0,False,False,0,,False,False,False,price,8,E0091,synthetic
C0092,Q0092,HOLDOUT,A,250,False,False,False,False,False,,False,,False,0,False,,0,False,False,0,,False,False,False,price,2,E0092,synthetic
C0093,Q0093,TREATMENT,A,45,True,True,True,False,False,,False,,False,0,False,,0,False,False,0,,False,False,False,,1,E0093,synthetic
C0094,Q0094,TREATMENT,B,250,True,False,False,False,False,,False,,False,0,False,,0,False,False,0,,False,False,False,,6,E0094,synthetic
C0095,Q0095,TREATMENT,B,45,True,False,False,False,False,,False,,False,0,False,,0,False,False,0,,False,False,False,price,7,E0095,synthetic
C0096,Q0096,TREATMENT,A,45,True,False,False,False,False,,False,,False,0,False,,0,False,False,0,,False,False,False,bought_elsewhere,7,E0096,synthetic
C0097,Q0097,TREATMENT,A,500,True,False,False,False,False,,False,,False,0,False,,0,False,False,0,,False,False,False,bought_elsewhere,5,E0097,synthetic
C0098,Q0098,TREATMENT,A,900,False,False,False,False,False,,False,,False,0,False,,0,False,False,0,,False,False,False,timing,8,E0098,synthetic
C0099,Q0099,HOLDOUT,B,120,False,False,False,False,False,,False,,False,0,False,,0,False,False,0,,False,False,False,,3,E0099,synthetic
C0100,Q0100,TREATMENT,B,900,True,False,False,False,False,,False,,False,0,False,,0,False,False,0,,False,False,False,,5,E0100,synthetic
C0101,Q0101,TREATMENT,B,900,True,False,False,False,False,,False,,False,0,False,,0,False,False,0,,False,False,False,,6,E0101,synthetic
C0102,Q0102,TREATMENT,A,900,True,False,False,False,False,,False,,False,0,False,,0,False,False,0,,False,False,False,timing,2,E0102,synthetic
C0103,Q0103,TREATMENT,B,900,True,False,False,False,False,,False,,False,0,False,,0,False,False,0,,False,False,False,timing,0,E0103,synthetic
C0104,Q0104,TREATMENT,B,120,True,False,False,False,False,,False,,False,0,False,,0,False,False,0,,False,False,False,timing,1,E0104,synthetic
C0105,Q0105,TREATMENT,A,120,True,False,False,False,False,,False,,False,0,False,,0,False,False,0,,False,False,False,bought_elsewhere,2,E0105,synthetic
C0106,Q0106,HOLDOUT,A,900,False,False,False,False,False,,False,,False,0,False,,0,False,False,0,,False,False,False,price,4,E0106,synthetic
C0107,Q0107,TREATMENT,B,900,True,False,False,False,False,,False,,False,0,False,,0,False,False,0,,False,False,False,,6,E0107,synthetic
C0108,Q0108,TREATMENT,A,120,True,False,False,False,False,,False,,False,0,False,,0,False,False,0,,False,False,False,bought_elsewhere,8,E0108,synthetic
C0109,Q0109,TREATMENT,A,45,True,True,False,False,False,,False,,False,0,False,,0,False,False,0,,False,False,False,timing,6,E0109,synthetic
C0110,Q0110,TREATMENT,B,900,True,False,False,False,False,,False,,False,0,False,,0,False,False,0,,False,False,False,,8,E0110,synthetic
C0111,Q0111,TREATMENT,A,500,True,False,False,False,False,,False,,False,0,False,,0,False,False,0,,False,False,False,,5,E0111,synthetic
C0112,Q0112,TREATMENT,A,120,False,False,False,False,False,,False,,False,0,False,,0,False,False,0,,False,False,False,,1,E0112,synthetic
C0113,Q0113,HOLDOUT,B,45,False,False,False,False,True,,True,,True,0,False,,0,False,False,0,,False,True,False,timing,7,E0113,synthetic
C0114,Q0114,TREATMENT,B,500,True,False,False,False,False,,False,,False,0,False,,0,False,False,0,,False,False,False,price,4,E0114,synthetic
C0115,Q0115,TREATMENT,A,250,True,False,False,False,False,,False,,False,0,False,,0,False,False,0,,False,False,False,price,3,E0115,synthetic
C0116,Q0116,TREATMENT,B,500,True,False,False,False,False,,False,,False,0,False,,0,False,False,0,,False,False,False,bought_elsewhere,5,E0116,synthetic
C0117,Q0117,TREATMENT,B,500,True,True,True,True,False,,False,,False,0,False,,0,False,False,0,,False,False,False,,1,E0117,synthetic
C0118,Q0118,TREATMENT,B,120,True,False,False,False,False,,False,,False,0,False,,0,False,False,0,,False,False,False,bought_elsewhere,4,E0118,synthetic
C0119,Q0119,TREATMENT,A,45,True,False,False,False,False,,False,,False,0,False,,0,False,False,0,,False,False,False,,3,E0119,synthetic
C0120,Q0120,HOLDOUT,B,900,False,False,False,False,False,,False,,False,0,False,,0,False,False,0,,False,False,False,price,2,E0120,synthetic
