control_id,category,control,required,status,evidence,owner,notes
OR01,identity,Sending identity/domain/mailboxes configured and monitored,yes,OPEN,,founder,
OR02,identity,Reply mailbox monitored by a human,yes,OPEN,,founder,
OR03,targeting,Initial ICP and exclusions frozen for first cohort,yes,OPEN,,founder,
OR04,targeting,Every prospect has documented contact source,yes,OPEN,,founder,
OR05,targeting,Duplicate check completed,yes,OPEN,,founder,
OR06,privacy,Existing suppressions/opt-outs excluded,yes,OPEN,,founder,
OR07,privacy,Privacy/transparency route reviewed for sourced personal data,yes,OPEN,,founder,
OR08,privacy,Entity/contact route classified where relevant,yes,OPEN,,founder,
OR09,measurement,Prospect IDs and variant assignment fixed before send,yes,OPEN,,founder,
OR10,measurement,Delivery/bounce/reply/call/export/pilot fields logging correctly,yes,OPEN,,founder,
OR11,measurement,No open-rate dependency in primary success metrics,yes,OPEN,,founder,
OR12,messaging,Copy contains no invented personalization or unsubstantiated claims,yes,OPEN,,founder,
OR13,messaging,CTA and offer wording approved,yes,OPEN,,founder,
OR14,replies,Positive/negative/opt-out/ambiguous reply routes defined,yes,OPEN,,founder,
OR15,replies,Explicit opt-out triggers suppression immediately,yes,OPEN,,founder,
OR16,safety,Complaint/privacy/legal-sensitive replies escalate to human,yes,OPEN,,founder,
OR17,ops,Bounce spike / complaint cluster stop rule defined,yes,OPEN,,founder,
OR18,ops,"Sending volume will ramp from observed performance, not fixed folklore",yes,OPEN,,founder,
OR19,ops,First cohort is small enough for manual inspection,yes,OPEN,,founder,
OR20,handoff,Prospect data never enters homeowner delivery system before Client-1 gate,yes,OPEN,,founder,
